series_id,topic,title,hook,format,hook_type,caption,hashtags,video_length_sec,posting_time
CS-001,Social Anxiety,Understanding Social Anxiety: Part 1,POV: social anxiety is harder than it looks.,Short,Visual,You're not alone in this. Let's talk about social anxiety.,#socialanxiety #relatable #studentlife #awareness,46,Morning
CS-002,Academic Pressure,Understanding Academic Pressure: Part 1,POV: academic pressure is harder than it looks.,Long,Visual,You're not alone in this. Let's talk about academic pressure.,#academicpressure #relatable #studentlife #awareness,76,Morning
CS-003,Student Life,Understanding Student Life: Part 1,POV: student life is harder than it looks.,Short,Text,You're not alone in this. Let's talk about student life.,#studentlife #relatable #studentlife #awareness,46,Morning
CS-004,Productivity,Understanding Productivity: Part 1,POV: productivity is harder than it looks.,Long,Text,You're not alone in this. Let's talk about productivity.,#productivity #relatable #studentlife #awareness,40,Afternoon
CS-005,Friendship,Understanding Friendship: Part 1,POV: friendship is harder than it looks.,Short,Visual,You're not alone in this. Let's talk about friendship.,#friendship #relatable #studentlife #awareness,58,Afternoon
CS-006,Career Anxiety,Understanding Career Anxiety: Part 1,POV: career anxiety is harder than it looks.,Long,Visual,You're not alone in this. Let's talk about career anxiety.,#careeranxiety #relatable #studentlife #awareness,65,Afternoon
CS-007,Dating,Understanding Dating: Part 1,POV: dating is harder than it looks.,Short,Text,You're not alone in this. Let's talk about dating.,#dating #relatable #studentlife #awareness,44,Evening
CS-008,Digital Burnout,Understanding Digital Burnout: Part 1,POV: digital burnout is harder than it looks.,Long,Text,You're not alone in this. Let's talk about digital burnout.,#digitalburnout #relatable #studentlife #awareness,20,Evening
CS-009,Social Anxiety,Understanding Social Anxiety: Part 2,POV: social anxiety is harder than it looks.,Short,Visual,You're not alone in this. Let's talk about social anxiety.,#socialanxiety #relatable #studentlife #awareness,40,Evening
CS-010,Academic Pressure,Understanding Academic Pressure: Part 2,POV: academic pressure is harder than it looks.,Long,Visual,You're not alone in this. Let's talk about academic pressure.,#academicpressure #relatable #studentlife #awareness,25,Morning
CS-011,Student Life,Understanding Student Life: Part 2,POV: student life is harder than it looks.,Short,Text,You're not alone in this. Let's talk about student life.,#studentlife #relatable #studentlife #awareness,30,Morning
CS-012,Productivity,Understanding Productivity: Part 2,POV: productivity is harder than it looks.,Long,Text,You're not alone in this. Let's talk about productivity.,#productivity #relatable #studentlife #awareness,62,Morning
CS-013,Friendship,Understanding Friendship: Part 2,POV: friendship is harder than it looks.,Short,Visual,You're not alone in this. Let's talk about friendship.,#friendship #relatable #studentlife #awareness,32,Afternoon
CS-014,Career Anxiety,Understanding Career Anxiety: Part 2,POV: career anxiety is harder than it looks.,Long,Visual,You're not alone in this. Let's talk about career anxiety.,#careeranxiety #relatable #studentlife #awareness,45,Afternoon
CS-015,Dating,Understanding Dating: Part 2,POV: dating is harder than it looks.,Short,Text,You're not alone in this. Let's talk about dating.,#dating #relatable #studentlife #awareness,47,Afternoon
CS-016,Digital Burnout,Understanding Digital Burnout: Part 2,POV: digital burnout is harder than it looks.,Long,Text,You're not alone in this. Let's talk about digital burnout.,#digitalburnout #relatable #studentlife #awareness,81,Evening
CS-017,Social Anxiety,Understanding Social Anxiety: Part 3,POV: social anxiety is harder than it looks.,Short,Visual,You're not alone in this. Let's talk about social anxiety.,#socialanxiety #relatable #studentlife #awareness,30,Evening
CS-018,Academic Pressure,Understanding Academic Pressure: Part 3,POV: academic pressure is harder than it looks.,Long,Visual,You're not alone in this. Let's talk about academic pressure.,#academicpressure #relatable #studentlife #awareness,25,Evening
CS-019,Student Life,Understanding Student Life: Part 3,POV: student life is harder than it looks.,Short,Text,You're not alone in this. Let's talk about student life.,#studentlife #relatable #studentlife #awareness,57,Morning
CS-020,Productivity,Understanding Productivity: Part 3,POV: productivity is harder than it looks.,Long,Text,You're not alone in this. Let's talk about productivity.,#productivity #relatable #studentlife #awareness,63,Morning
CS-021,Friendship,Understanding Friendship: Part 3,POV: friendship is harder than it looks.,Short,Visual,You're not alone in this. Let's talk about friendship.,#friendship #relatable #studentlife #awareness,55,Morning
CS-022,Career Anxiety,Understanding Career Anxiety: Part 3,POV: career anxiety is harder than it looks.,Long,Visual,You're not alone in this. Let's talk about career anxiety.,#careeranxiety #relatable #studentlife #awareness,69,Afternoon
CS-023,Dating,Understanding Dating: Part 3,POV: dating is harder than it looks.,Short,Text,You're not alone in this. Let's talk about dating.,#dating #relatable #studentlife #awareness,80,Afternoon
CS-024,Digital Burnout,Understanding Digital Burnout: Part 3,POV: digital burnout is harder than it looks.,Long,Text,You're not alone in this. Let's talk about digital burnout.,#digitalburnout #relatable #studentlife #awareness,62,Afternoon
CS-025,Social Anxiety,Understanding Social Anxiety: Part 4,POV: social anxiety is harder than it looks.,Short,Visual,You're not alone in this. Let's talk about social anxiety.,#socialanxiety #relatable #studentlife #awareness,57,Evening
CS-026,Academic Pressure,Understanding Academic Pressure: Part 4,POV: academic pressure is harder than it looks.,Long,Visual,You're not alone in this. Let's talk about academic pressure.,#academicpressure #relatable #studentlife #awareness,67,Evening
CS-027,Student Life,Understanding Student Life: Part 4,POV: student life is harder than it looks.,Short,Text,You're not alone in this. Let's talk about student life.,#studentlife #relatable #studentlife #awareness,34,Evening
CS-028,Productivity,Understanding Productivity: Part 4,POV: productivity is harder than it looks.,Long,Text,You're not alone in this. Let's talk about productivity.,#productivity #relatable #studentlife #awareness,37,Morning
CS-029,Friendship,Understanding Friendship: Part 4,POV: friendship is harder than it looks.,Short,Visual,You're not alone in this. Let's talk about friendship.,#friendship #relatable #studentlife #awareness,45,Morning
CS-030,Career Anxiety,Understanding Career Anxiety: Part 4,POV: career anxiety is harder than it looks.,Long,Visual,You're not alone in this. Let's talk about career anxiety.,#careeranxiety #relatable #studentlife #awareness,73,Morning
CS-031,Dating,Understanding Dating: Part 4,POV: dating is harder than it looks.,Short,Text,You're not alone in this. Let's talk about dating.,#dating #relatable #studentlife #awareness,79,Afternoon
CS-032,Digital Burnout,Understanding Digital Burnout: Part 4,POV: digital burnout is harder than it looks.,Long,Text,You're not alone in this. Let's talk about digital burnout.,#digitalburnout #relatable #studentlife #awareness,58,Afternoon
